{
  "num_layers": 12,
  "num_heads": 12,
  "R_QK": [
    [
      0.09131761951006151,
      0.2988090682874567,
      0.1080610822566918,
      0.2986076208930779,
      0.2629355582066308,
      0.29948746549396243,
      0.1260251095964174,
      0.18885713586067573,
      0.09194742539021675,
      0.08843291673587547,
      0.14340935493464627,
      0.16083050875968877
    ],
    [
      0.19887524108397062,
      0.1410450871269235,
      0.12208432228725759,
      0.06523013460715966,
      0.09698748977943546,
      0.10980968748917803,
      0.0928826644615869,
      0.11936914202491086,
      0.09599809862141098,
      0.08905267879145132,
      0.1530315143224739,
      0.2696826805185715
    ],
    [
      0.1748170786157633,
      0.086590098971501,
      0.21212178155571978,
      0.1287300370626534,
      0.09625540390892666,
      0.14796942718071743,
      0.07390813252600353,
      0.1685214013357957,
      0.11783137457421788,
      0.1750910961096754,
      0.13695935972910817,
      0.06092449560473186
    ],
    [
      0.052154786610217774,
      0.06941560021345955,
      0.18527414159355496,
      0.11671978560271098,
      0.03583308175755,
      0.03919471213355705,
      0.20107931206527524,
      0.15338385534860466,
      0.10810799929103757,
      0.08022608483552655,
      0.09632806365920087,
      0.14794948529233004
    ],
    [
      0.10126528671453032,
      0.10707829341469002,
      0.024809593486799193,
      0.1005721223475861,
      0.06081357876606662,
      0.08255618740103474,
      0.07836631481277956,
      0.2106481813768152,
      0.03432519449286961,
      0.0623062207511473,
      0.03895221709476097,
      0.23451637744987125
    ],
    [
      0.012261962040318482,
      0.0011036404528608945,
      0.10088331080266602,
      0.06647250507229945,
      0.0762435721780704,
      0.009324456637010111,
      0.09054503835663288,
      0.05850111411797267,
      0.03401743033901723,
      0.018973701432391646,
      0.04724213094201072,
      0.04866187584831745
    ],
    [
      0.10589664071147213,
      0.033292872259182676,
      0.02441760874275739,
      0.025016618818903918,
      0.06063227664454773,
      0.05082173538819743,
      0.03573941362611506,
      0.051837353640169434,
      0.10208647597302214,
      0.001581702121228383,
      0.021845524850345792,
      0.06859484941624422
    ],
    [
      0.11324150971862053,
      0.0339594798523467,
      0.00213586046307769,
      0.019921441711374513,
      0.06577563448925935,
      0.07610837080238742,
      0.038674452921730426,
      0.017185098902776925,
      0.05012406831242905,
      0.01373724392205813,
      0.011218073516127853,
      0.007099823524532397
    ],
    [
      0.027081107054892483,
      0.005721304271178919,
      0.08457447001400094,
      0.017130390504303032,
      0.03852146563250461,
      0.08422965750956271,
      0.03230406408309049,
      0.11100296513683665,
      0.03156345620670306,
      0.03943508326652504,
      0.039880103887546633,
      0.028663639558279618
    ],
    [
      0.04860226086618024,
      0.04117218397894508,
      0.02802344610676214,
      0.10417945538094933,
      0.0486922781975452,
      0.03412183681037277,
      0.0490308534416614,
      0.025861598503820242,
      0.048727622670786716,
      0.04748655449802754,
      0.0757282491069418,
      0.011428580201851824
    ],
    [
      0.042247512180169686,
      0.04812680242117494,
      0.08873623731535016,
      0.035387162924300705,
      0.03534762719989799,
      0.05220825083552751,
      0.031118374240274232,
      0.06580113275242704,
      0.01323944945603476,
      0.09070012103846412,
      0.028274493330779176,
      0.0378649434873036
    ],
    [
      0.10841428960618076,
      0.04965239766419732,
      0.029695795903958027,
      0.05408824275114706,
      0.05655633635464169,
      0.03649980403665852,
      0.033943518811193785,
      0.046376461457305895,
      0.1668568815683414,
      0.03263893142497788,
      0.06301593924717357,
      0.06871322923495124
    ]
  ],