{
  "per_type": {
    "conflict": {
      "n": 40,
      "raw_errors": 39,
      "trace_errors": 1,
      "raw_rate_ci": [
        0.8711863103652591,
        0.9955731684973186,
        0.975
      ],
      "trace_rate_ci": [
        0.0044268315026814095,
        0.1288136896347409,
        0.025
      ],
      "abs_reduction_ci": [
        0.875,
        1.0
      ],
      "rel_reduction_ci": [
        0.9210526315789475,
        1.0
      ],
      "mcnemar_p": 1.946706018607358e-09
    },
    "evidence_gap": {
      "n": 40,
      "raw_errors": 39,
      "trace_errors": 2,
      "raw_rate_ci": [
        0.8711863103652591,
        0.9955731684973186,
        0.975
      ],
      "trace_rate_ci": [
        0.013820667386148344,
        0.16503877369140962,
        0.05
      ],
      "abs_reduction_ci": [
        0.8250000000000001,
        1.0
      ],
      "rel_reduction_ci": [
        0.8717948717948718,
        1.0
      ],
      "mcnemar_p": 3.251606206511326e-09
    },
    "misleading_hint": {
      "n": 40,
      "raw_errors": 32,
      "trace_errors": 30,
      "raw_rate_ci": [
        0.652426936536005,
        0.895000102745623,
        0.8
      ],
      "trace_rate_ci": [
        0.5980603857923197,
        0.858128813609037,
        0.75
      ],
      "abs_reduction_ci": [
        -0.09999999999999998,
        0.20000000000000007
      ],
      "rel_reduction_ci": [
        -0.142857142857143,
        0.24242424242424238
      ],
      "mcnemar_p": 0.7518296340458492
    }
  },
  "pooled": {
    "n": 120,
    "raw_errors": 110,
    "trace_errors": 33,
    "raw_rate_ci": [
      0.8533776783593434,
      0.9541063496250703,
      0.9166666666666666
    ],
    "trace_rate_ci": [
      0.20302896661264852,
      0.3609296582757681,
      0.275
    ],
    "abs_reduction_ci": [
      0.5416666666666667,
      0.7333333333333334
    ],
    "rel_reduction_ci": [
      0.6074766355140188,
      0.7857142857142858
    ],
    "mcnemar_p": 2.220446049250313e-16
  }
}